source,target
Evelyn Anselevicius,Black Mountain College
Hazel Larsen Archer,Black Mountain College
Ruth Asawa,Black Mountain College
Harrison Begay,Black Mountain College
James Bishop,Black Mountain College
John Chamberlain,Black Mountain College
Remy Charlip,Black Mountain College
Robert Creeley,Black Mountain College
Fielding Dawson,Black Mountain College
Elaine de Kooning,Black Mountain College
Robert De Niro Sr.,Black Mountain College
Stephen De Staebler,Black Mountain College
Ed Dorn,Black Mountain College
Robert Duncan,Black Mountain College
Russell Edson,Black Mountain College
Viola Farber,Black Mountain College
Jorge Fick,Black Mountain College
Max Finstein,Black Mountain College
Joseph Fiore,Black Mountain College
John R. P. French,Black Mountain College
Suzi Gablik,Black Mountain College
Lorrie Goulet,Black Mountain College
Francine du Plessix Gray,Black Mountain College
Hella Hammid,Black Mountain College
Erik Christian Haugaard,Black Mountain College
James Leo Herlihy,Black Mountain College
Elizabeth Jennerjahn,Black Mountain College
Ati Gropius Johansen,Black Mountain College
Ray Johnson,Black Mountain College
Karen Karnes,Black Mountain College
Leslie George Katz,Black Mountain College
Basil King,Black Mountain College
Irwin Kremen,Black Mountain College
Jane Mayhall,Black Mountain College
Peter Nemenyi,Black Mountain College
Kenneth Noland,Black Mountain College
Joel Oppenheimer,Black Mountain College
Arthur Penn,Black Mountain College
Charles Perrow,Black Mountain College
Clara Porset,Black Mountain College
Joan Potter Loveless,Black Mountain College
V. V. Rankine,Black Mountain College
Robert Rauschenberg,Black Mountain College
Dorothea Rockburne,Black Mountain College
Michael Rumaker,Black Mountain College
Harry Seidler,Black Mountain College
Oli Sihvonen,Black Mountain College
Sewell Sillman,Black Mountain College
Kenneth Snelson,Black Mountain College
Raymond P. Spillenger,Black Mountain College
Deborah Sussman,Black Mountain College
Cy Twombly,Black Mountain College
Stan VanDerBeek,Black Mountain College
Cora Kelley Ward,Black Mountain College
Mary Parks Washington,Black Mountain College
David Jacques Way,Black Mountain College
Susan Weil,Black Mountain College
John Wieners,Black Mountain College
Alma Stone Williams,Black Mountain College
Benjamin Forrest Williams,Black Mountain College
Jonathan Williams,Black Mountain College
Vera Williams,Black Mountain College
Claire Zeisler,Black Mountain College
Harriet Sohmers Zwerling,Black Mountain College
Anni Albers,Black Mountain College
Josef Albers,Black Mountain College
Leo Amino,Black Mountain College
Hazel Larsen Archer,Black Mountain College
Robert Shillingford Babcock,Black Mountain College
Seymour Barab,Black Mountain College
Eric Bentley,Black Mountain College
Ilya Bolotowsky,Black Mountain College
Josef Breitenbach,Black Mountain College
Carol Brice,Black Mountain College
Will Burtin,Black Mountain College
John Cage,Black Mountain College
Mary Callery,Black Mountain College
Frederic Cohen,Black Mountain College
Merce Cunningham,Black Mountain College
Victor D'Amico,Black Mountain College
Edward Dahlberg,Black Mountain College
Willem de Kooning,Black Mountain College
Max Dehn,Black Mountain College
Mark Fax,Black Mountain College
Lyonel Feininger,Black Mountain College
Joseph Fiore,Black Mountain College
Buckminster Fuller,Black Mountain College
Paul Goodman,Black Mountain College
Mary Molly Gregory,Black Mountain College
Walter Gropius,Black Mountain College
Trude Guermonprez,Black Mountain College
Fritz Johann Hansgirg,Black Mountain College
Lou Harrison,Black Mountain College
Roland Hayes,Black Mountain College
Fannie Hillsmith,Black Mountain College
Heinrich Jalowetz,Black Mountain College
Karen Karnes,Black Mountain College
Franz Kline,Black Mountain College
A. Lawrence Kocher,Black Mountain College
Jacob Lawrence,Black Mountain College
Paul Leser,Black Mountain College
Albert William Levi,Black Mountain College
Leo Lionni,Black Mountain College
Herbert Adolphus Miller,Black Mountain College
Robert Motherwell,Black Mountain College
Marianne Preger-Simon,Black Mountain College
John Andrew Rice,Black Mountain College
M. C. Richards,Black Mountain College
Concetta Scaravaglione,Black Mountain College
Xanti Schawinsky,Black Mountain College
Charlotte Schlesinger,Black Mountain College
Roger Sessions,Black Mountain College
David Tudor,Black Mountain College
Robert C. Turner,Black Mountain College
Jean Varda,Black Mountain College
Peter Voulkos,Black Mountain College
David Weinrib,Black Mountain College
Stefan Wolpe,Black Mountain College
